INSERT INTO geographic_location VALUES('B6E1A6BF39BF4A0FB6D6FE7434A11784', 44.2, 356.2);
INSERT INTO geographic_location VALUES('63F199884FBF4726996E203237194654', 126.4, 155.2);

INSERT INTO address(id, country, city, street, number, geographic_location_id) VALUES('F934FC8011224090AD0551AD76F85AE9', 'Romania', 'Bucharest', 'Sos Bucuresti-Targoviste', '18C', 'B6E1A6BF39BF4A0FB6D6FE7434A11784');
INSERT INTO address(id, country, city, street, number, geographic_location_id) VALUES('CE585A1777B042D38FE32A5CCA72F8FB', 'Romania', 'Bucharest', 'Calea Rahovei', '147', '63F199884FBF4726996E203237194654');

INSERT INTO category VALUES('2D1EBC5B7D2741979CF0E84451C5BBB1','Restaurant');
INSERT INTO category VALUES('9C411522E49B472B9C698B7D03115C6E','Fastfood');

INSERT INTO restaurant VALUES('C1EB195195074939AF1426F0B82398BC', FILE_READ('classpath:restaurant_logo_default.png'), 'Springtime', 'F934FC8011224090AD0551AD76F85AE9');
INSERT INTO restaurant VALUES('79773198E8174097B0E90683D7AF1088', FILE_READ('classpath:restaurant_logo_default.png'), 'Suzana Ribs and Wings', 'CE585A1777B042D38FE32A5CCA72F8FB');

INSERT INTO restaurant_category VALUES('C1EB195195074939AF1426F0B82398BC', '9C411522E49B472B9C698B7D03115C6E');
INSERT INTO restaurant_category VALUES('79773198E8174097B0E90683D7AF1088', '2D1EBC5B7D2741979CF0E84451C5BBB1');

INSERT INTO user VALUES('C636AC426E4C49948217AAA660C7D826', 'admin@app.com', 'Admin', 'Administrator', '$2a$10$Bpe5Zk4vdJzLvU2cwzmfmeLR9eAy3Xt9iOaGhHyPaCTbhsZtjm0Ee', FILE_READ('classpath:profile_picture_default.png'), 'Admin');
INSERT INTO user VALUES('4D8E971330FA4C5EA331FAD0C262B875', 'testuser1@app.com', 'Test', 'User1', '$2a$10$Bpe5Zk4vdJzLvU2cwzmfmeLR9eAy3Xt9iOaGhHyPaCTbhsZtjm0Ee', FILE_READ('classpath:profile_picture_default.png'), 'User');
INSERT INTO user VALUES('FF8C7D5F8CFF47C5B9A2F0C8AB07CA11', 'testuser2@app.com', 'Test', 'User2', '$2a$10$Bpe5Zk4vdJzLvU2cwzmfmeLR9eAy3Xt9iOaGhHyPaCTbhsZtjm0Ee', FILE_READ('classpath:profile_picture_default.png'), 'User');
INSERT INTO user VALUES('A290538CC3684A2686289D8ED1CB174D', 'testuser3@app.com', 'Test', 'User3', '$2a$10$Bpe5Zk4vdJzLvU2cwzmfmeLR9eAy3Xt9iOaGhHyPaCTbhsZtjm0Ee', FILE_READ('classpath:profile_picture_default.png'), 'User');
INSERT INTO user VALUES('9D5AA841487741C28247724C453D935F', 'meh.mihai@gmail.com', 'Ene', 'Mihai', '$2a$10$UwoqjUBG1iNhvqLz/CjF..Jb9qaieZ57CQHR4Q.l6IGEQK1A1FoYq', FILE_READ('classpath:profile_picture_default.png'), 'User');

INSERT INTO ratings VALUES('C9236FD8A5CF4A828101360DC04477C7', 2, 0, 0, 0, 0, 'BathroomQuality', '79773198E8174097B0E90683D7AF1088');
INSERT INTO ratings VALUES('D72C9D723EF04F5697BE6A607705E25A', 2, 0, 0, 0, 0, 'Staff', '79773198E8174097B0E90683D7AF1088');
INSERT INTO ratings VALUES('008C4F35E20D494EB05105111736064F', 2, 0, 0, 0, 0, 'Cleanliness', '79773198E8174097B0E90683D7AF1088');
INSERT INTO ratings VALUES('E48697EDA0D94A7A842593C068972A37', 2, 0, 0, 0, 0, 'DriveThru', '79773198E8174097B0E90683D7AF1088');
INSERT INTO ratings VALUES('B0987D8A94734CE59D2F9F28DFA86007', 2, 0, 0, 0, 0, 'DeliverySpeed', '79773198E8174097B0E90683D7AF1088');

INSERT INTO ratings VALUES('4077E9ECCB674DA5BB81796CD40DB229', 90, 7, 3, 0, 0, 'BathroomQuality', 'C1EB195195074939AF1426F0B82398BC');
INSERT INTO ratings VALUES('72AA194EFC2A4085AF9192C8A617BCB6', 90, 7, 3, 0, 0, 'Staff', 'C1EB195195074939AF1426F0B82398BC');
INSERT INTO ratings VALUES('1DC31FEA19C2457BB8B1B9057F5DCCEB', 90, 7, 3, 0, 0, 'Cleanliness', 'C1EB195195074939AF1426F0B82398BC');
INSERT INTO ratings VALUES('82FB544EE22146028D705939A05B46F2', 90, 7, 3, 0, 0, 'DriveThru', 'C1EB195195074939AF1426F0B82398BC');
INSERT INTO ratings VALUES('A6522B4E1DFF485CBEC36523E9F8345C', 90, 7, 3, 0, 0, 'DeliverySpeed', 'C1EB195195074939AF1426F0B82398BC');
